pair_probability,signal_efficiency,idler_efficiency,fusion_detector_efficiency,full_success_probability,partial_failure_probability,count_rejection_probability,full_success_hidden_error_probability,hidden_error_given_full_success,partial_retained_parity_error_probability,xx_flip_marginal,zz_flip_marginal,max_full_bell_coherence
0.01,0.9,0.85,0.85,0.2916822288243241,0.2920932834090879,0.41622448776658794,0.0002361009840786134,0.0008094458994991208,0.00020552729238191406,0.0002361009840786134,0.00020552729238191406,1.6619674650818087e-18
0.01,0.9,0.85,0.95,0.3639571236274131,0.36427366305023945,0.2717692133223475,9.825092257116645e-05,0.00026995191519248017,0.00015826971141299324,9.825092257116645e-05,0.00015826971141299324,2.4666763260152845e-18
0.01,0.9,0.85,0.99,0.39508065912464163,0.39533897852115124,0.20958036235420718,2.1334876003032638e-05,5.4001317225457566e-05,0.00012915969825464906,2.1334876003032638e-05,0.00012915969825464906,3.8266054069922174e-18
0.01,0.9,0.95,0.85,0.29230235695415047,0.29243971485211534,0.4152579281937342,7.890363501350495e-05,0.0002699384152618431,6.86789489824315e-05,7.890363501350495e-05,6.86789489824315e-05,1.901288168168718e-18
0.01,0.9,0.95,0.95,0.36499366186497334,0.3650994985170395,0.2699068396179871,3.284747925382302e-05,8.999465658111811e-05,5.291832603292967e-05,3.284747925382302e-05,5.291832603292967e-05,9.141650721388595e-18
0.01,0.9,0.95,0.99,0.3963199744106841,0.3964063651026027,0.20727366048671314,7.133817515475264e-06,1.8000146286048376e-05,4.31953459591581e-05,7.133817515475264e-06,4.31953459591581e-05,2.140184021454686e-18
0.01,0.9,0.99,0.85,0.29255046719685585,0.29257796597143687,0.41487156683170734,1.5797004478511266e-05,5.399753632210587e-05,1.3749387290451996e-05,1.5797004478511266e-05,1.3749387290451996e-05,1.386240157509683e-18
0.01,0.9,0.99,0.95,0.3654087020339885,0.3654298952777524,0.26916140268825917,6.577278531508027e-06,1.7999786252753884e-05,1.0596621881902763e-05,6.577278531508027e-06,1.0596621881902763e-05,1.338510804228887e-18
0.01,0.9,0.99,0.99,0.39681634858610315,0.3968336494960314,0.20635000191786546,1.4285411763978224e-06,3.6000058502827803e-06,8.650454963981459e-06,1.4285411763978224e-06,8.650454963981459e-06,1.1544854363903149e-17
0.01,0.95,0.85,0.85,0.32482588911058413,0.32520090057784967,0.34997321031156625,0.0002775140374318397,0.0008543470417081272,0.00018750573363265102,0.0002775140374318397,0.00018750573363265102,1.9995420713428765e-18
0.01,0.95,0.85,0.95,0.4052890268614483,0.4055260689397888,0.18918490419876288,0.00011548084613058861,0.00028493454911639334,0.00011852103917028863,0.00011548084613058861,0.00011852103917028863,2.257240285860858e-18
0.01,0.95,0.85,0.99,0.4399364784661747,0.44009351476543995,0.11997000676838532,2.5075979724291616e-05,5.6999091804612944e-05,7.851814963257682e-05,2.5075979724291616e-05,7.851814963257682e-05,2.787086190207066e-18
0.01,0.95,0.95,0.85,0.32562720009524676,0.3257525484698218,0.34862025143493147,9.278011987331538e-05,0.0002849274257377055,6.267418728739801e-05,9.278011987331538e-05,6.267418728739801e-05,2.3833561624232363e-18
0.01,0.95,0.95,0.95,0.40659777357202004,0.40667705434041335,0.18672517208756667,3.862383127724173e-05,9.499272693484228e-05,3.9640384196626295e-05,3.862383127724173e-05,3.9640384196626295e-05,7.397724405010923e-18
0.01,0.95,0.95,0.99,0.4414913111445472,0.44154384626618215,0.11696484258927065,8.388290352726039e-06,1.8999899071580272e-05,2.626756081738712e-05,8.388290352726039e-06,2.626756081738712e-05,8.84512694626951e-18
0.01,0.95,0.99,0.85,0.32594792566758113,0.32597302293317193,0.3480790513992469,1.857808542407292e-05,5.699709665592359e-05,1.2548632795267426e-05,1.857808542407292e-05,1.2548632795267426e-05,2.0018195626838275e-18
0.01,0.95,0.99,0.95,0.4071220025387225,0.40713788006461255,0.18574011739666496,7.735199602400505e-06,1.899970906550252e-05,7.938762944908367e-06,7.735199602400505e-06,7.938762944908367e-06,2.6035343402395345e-18
0.01,0.95,0.99,0.99,0.4421142876549788,0.4421248098811142,0.11576090246390702,1.6800325080494364e-06,3.799995962493109e-06,5.2611130676135665e-06,1.6800325080494364e-06,5.2611130676135665e-06,3.0813456753549354e-18
0.01,0.99,0.85,0.85,0.35261160296524807,0.35294681704920916,0.29444157998554277,0.00031391699581071196,0.0008902628080609427,0.00016760704198041107,0.00031391699581071196,0.00016760704198041107,2.8585411098465213e-18
0.01,0.99,0.85,0.95,0.4399364784661745,0.44009351476543984,0.11997000676838565,0.00013062573917854386,0.00029691954537156505,7.851814963257683e-05,0.00013062573917854386,7.851814963257683e-05,2.5123300190539022e-18
0.01,0.99,0.85,0.99,0.47753671751565435,0.4775937328468518,0.04486954963749379,2.836431419289166e-05,5.939713775404472e-05,2.8507665598607256e-05,2.836431419289166e-05,2.8507665598607256e-05,1.8543291368853263e-18
0.01,0.99,0.95,0.85,0.35357763527812175,0.35368970606591427,0.292732658655964,0.00010498358587045277,0.0002969180609737191,5.6035393896152953e-05,0.00010498358587045277,5.6035393896152953e-05,7.30393473446227e-18
0.01,0.99,0.95,0.95,0.4414913111445473,0.4415438462661824,0.1169648425892702,4.370369268285514e-05,9.899105957386837e-05,2.6267560817387116e-05,4.370369268285514e-05,2.6267560817387116e-05,8.918328325352314e-18
0.01,0.99,0.95,0.99,0.47937628612551475,0.4793953650169498,0.04122834885753546,9.491498007287934e-06,1.979968196591765e-05,9.539445717434318e-06,9.491498007287934e-06,9.539445717434318e-06,1.4880280168468167e-18
0.01,0.99,0.99,0.85,0.35396440181078764,0.3539868426203309,0.29204875556888144,2.1024325164398158e-05,5.9396721977812765e-05,1.1220404771573836e-05,2.1024325164398158e-05,1.1220404771573836e-05,2.607288305619903e-18
0.01,0.99,0.99,0.95,0.44211428765497884,0.44212480988111436,0.1157609024639068,8.753704780717711e-06,1.97996423665661e-05,5.261113067613569e-06,8.753704780717711e-06,5.261113067613569e-06,1.5225135944713126e-18
0.01,0.99,0.99,0.99,0.4801135579647631,0.480117379657277,0.03976906237795985,1.9012435817789217e-06,3.959987278506431e-06,1.9108462568217923e-06,1.9012435817789217e-06,1.9108462568217923e-06,7.873458371151329e-19
0.03,0.9,0.85,0.85,0.2898231258267164,0.2910471357212446,0.41912973845203905,0.0007028261429277405,0.002425017468578254,0.0006120049472640904,0.0007028261429277405,0.0006120049472640904,1.5540397816748205e-18
0.03,0.9,0.85,0.95,0.36085662135336893,0.36179753611466126,0.2773458425319698,0.0002921377558353384,0.0008095673975433652,0.00047045738064612836,0.0002921377558353384,0.00047045738064612836,2.7772583389518923e-18
0.03,0.9,0.85,0.99,0.39137659498814015,0.39214391126841314,0.21647949374344666,6.34076550404468e-05,0.00016201187258621898,0.00038365814013631606,6.34076550404468e-05,0.00038365814013631606,2.0802737696492137e-18
0.03,0.9,0.95,0.85,0.29168222882432393,0.29209328340908775,0.4162244877665884,0.00023610098407861343,0.0008094458994991213,0.00020552729238191406,0.00023610098407861343,0.00020552729238191406,2.463357203182136e-18
0.03,0.9,0.95,0.95,0.3639571236274129,0.3642736630502393,0.2717692133223478,9.825092257118607e-05,0.00026995191519253427,0.00015826971141299324,9.825092257118607e-05,0.00015826971141299324,3.3462644423799937e-18
0.03,0.9,0.95,0.99,0.3950806591246414,0.395338978521151,0.20958036235420763,2.1334876003032634e-05,5.4001317225457586e-05,0.000129159698254649,2.1334876003032634e-05,0.000129159698254649,4.302607101470714e-18
0.03,0.9,0.99,0.85,0.29242640787759916,0.2925088634048462,0.4150647287175546,4.736659445539614e-05,0.0001619778281967693,4.122776362351205e-05,4.736659445539614e-05,4.122776362351205e-05,3.2856523775729416e-18
0.03,0.9,0.99,0.95,0.3652011516086451,0.36526469246295423,0.2695341559284007,1.9720159657323553e-05,5.399807632166496e-05,3.177042715455124e-05,1.9720159657323553e-05,3.177042715455124e-05,1.4769040022789937e-18
0.03,0.9,0.99,0.99,0.3965681152035494,0.39661998376885127,0.20681190102759928,4.2829565266131514e-06,1.0800052657826026e-05,2.5934282650815425e-05,4.2829565266131514e-06,2.5934282650815425e-05,1.3023801239292193e-17
0.03,0.95,0.85,0.85,0.3224262833190642,0.32354204039469237,0.35403167628624344,0.0008251304653754939,0.002559129041471372,0.0005578785378140282,0.0008251304653754939,0.0005578785378140282,3.3819228388832167e-18
0.03,0.95,0.85,0.95,0.401378424457467,0.40208238026760185,0.19653919527493113,0.0003429421903579608,0.000854411122923478,0.0003519779050672965,0.0003429421903579608,0.0003519779050672965,2.143081892524609e-18
0.03,0.95,0.85,0.99,0.43529430235275895,0.4357603153797458,0.1289453822674953,7.443176960730984e-05,0.0001709918305960066,0.00023300651349341688,7.443176960730984e-05,0.00023300651349341688,3.3469277187661235e-18
0.03,0.95,0.95,0.85,0.3248258891105838,0.3252009005778494,0.3499732103115668,0.00027751403743183966,0.0008543470417081279,0.00018750573363265102,0.00027751403743183966,0.00018750573363265102,2.4138648555265525e-18
0.03,0.95,0.95,0.95,0.4052890268614479,0.4055260689397885,0.18918490419876366,0.00011548084613058861,0.0002849345491163936,0.00011852103917028863,0.00011548084613058861,0.00011852103917028863,1.7631422560151222e-18
0.03,0.95,0.95,0.99,0.4399364784661743,0.44009351476543956,0.1199700067683862,2.507597972429162e-05,5.6999091804613005e-05,7.851814963257682e-05,2.507597972429162e-05,7.851814963257682e-05,3.279314727891029e-18
0.03,0.95,0.99,0.85,0.32578754852626024,0.3258627989313409,0.3483496525423988,5.570115848550108e-05,0.00017097387158432565,3.7625202540243345e-05,5.570115848550108e-05,3.7625202540243345e-05,3.3688117535117116e-18
0.03,0.95,0.99,0.95,0.4068598358822162,0.4069074363945321,0.18623272772325172,2.3189945340912475e-05,5.699738164281677e-05,2.3800256157780194e-05,2.3189945340912475e-05,2.3800256157780194e-05,1.3184590637267451e-17
0.03,0.95,0.99,0.99,0.44180272483434435,0.44183426870430825,0.11636300646134745,5.036535009969659e-06,1.1399963664457089e-05,1.5771934981770668e-05,5.036535009969659e-06,1.5771934981770668e-05,3.4305838278895134e-18
0.03,0.99,0.85,0.85,0.34972109459537143,0.35071778242015084,0.2995611229844777,0.0009324866275358349,0.00266637226620466,0.0004983439123895523,0.0009324866275358349,0.0004983439123895523,1.3731888047353447e-18
0.03,0.99,0.85,0.95,0.4352943023527587,0.4357603153797457,0.12894538226749563,0.0003875321385796639,0.0008902761568094481,0.00023300651349341688,0.0003875321385796639,0.00023300651349341688,2.9010458768750934e-18
0.03,0.99,0.85,0.99,0.4720488845275477,0.47221794972796366,0.05573316574448861,8.41069519206846e-05,0.00017817424143447226,8.453260020789751e-05,8.41069519206846e-05,8.453260020789751e-05,2.080381884838125e-18
0.03,0.99,0.95,0.85,0.35261160296524785,0.35294681704920894,0.2944415799855432,0.00031391699581071196,0.0008902628080609432,0.0001676070419804111,0.00031391699581071196,0.0001676070419804111,1.4268616527763182e-18
0.03,0.99,0.95,0.95,0.4399364784661742,0.4400935147654395,0.11997000676838632,0.00013062573917854383,0.0002969195453715652,7.851814963257687e-05,0.00013062573917854383,7.851814963257687e-05,2.6746586637534203e-18
0.03,0.99,0.95,0.99,0.477536717515654,0.47759373284685147,0.044869549637494455,2.8364314192911283e-05,5.939713775408585e-05,2.8507665598607273e-05,2.8364314192911283e-05,2.8507665598607273e-05,2.6238564938065983e-18
0.03,0.99,0.99,0.85,0.35377099329704703,0.3538382757410139,0.2923907309619391,6.303155471723876e-05,0.00017817049987564623,3.364122198337597e-05,6.303155471723876e-05,3.364122198337597e-05,2.2335262576602535e-18
0.03,0.99,0.99,0.95,0.4418027248343442,0.441834268704308,0.1163630064613479,2.6241659856986246e-05,5.939678137301138e-05,1.577193498177067e-05,2.6241659856986246e-05,1.577193498177067e-05,4.428417173162304e-18
0.03,0.99,0.99,0.99,0.4797448188026514,0.47975627500633417,0.04049890619101437,5.699313520102915e-06,1.1879885507314658e-05,5.72810184130064e-06,5.699313520102915e-06,5.72810184130064e-06,8.865796232811561e-19
0.05,0.9,0.85,0.85,0.28796598624640585,0.2899907917986817,0.4220432219549124,0.0011622801822315139,0.004036171762442032,0.0010124027761378458,0.0011622801822315139,0.0010124027761378458,3.0081687632612342e-18
0.05,0.9,0.85,0.95,0.35776980664553637,0.3593235702683925,0.28290662308607106,0.00048255947608762616,0.0013487987726301517,0.0007768818114279473,0.00048255947608762616,0.0007768818114279473,2.661824981791185e-18
0.05,0.9,0.85,0.99,0.3876933405766859,0.3889595449058466,0.22334711451746747,0.00010469000675666538,0.0002700330281684517,0.0006331021645802503,0.00010469000675666538,0.0006331021645802503,2.9301073364546334e-18
0.05,0.9,0.95,0.85,0.2910623129485357,0.2917457070839312,0.4171919799675331,0.0003924862596880671,0.0013484612820948232,0.00034169706769756036,0.0003924862596880671,0.00034169706769756036,2.440671296050663e-18
0.05,0.9,0.95,0.95,0.36292210352564797,0.36344805457260315,0.2736298419017489,0.00016326647748385898,0.00044986644764203736,0.0002629755234776128,0.00016326647748385898,0.0002629755234776128,2.4115248362365305e-18
0.05,0.9,0.95,0.99,0.3938436578625346,0.3942727720412193,0.21188357009624603,3.544737097716199e-05,9.000366076615705e-05,0.0002145570893423042,3.544737097716199e-05,0.0002145570893423042,7.091009708091672e-18
0.05,0.9,0.99,0.85,0.29230235695415047,0.29243971485211534,0.4152579281937342,7.890363501350495e-05,0.0002699384152618431,6.86789489824315e-05,7.890363501350495e-05,6.86789489824315e-05,1.901288168168718e-18
0.05,0.9,0.99,0.95,0.36499366186497334,0.3650994985170395,0.2699068396179871,3.284747925382302e-05,8.999465658111811e-05,5.291832603292967e-05,3.284747925382302e-05,5.291832603292967e-05,9.141650721388595e-18
0.05,0.9,0.99,0.99,0.3963199744106841,0.3964063651026027,0.20727366048671314,7.133817515475264e-06,1.8000146286048376e-05,4.31953459591581e-05,7.133817515475264e-06,4.31953459591581e-05,2.140184021454686e-18
0.05,0.95,0.85,0.85,0.32003320685310604,0.3218774038232952,0.3580893893235988,0.0013629278172856167,0.004258707496910453,0.0009220984850944166,0.0013629278172856167,0.0009220984850944166,1.9339577342633737e-18
0.05,0.95,0.85,0.95,0.3974912517535172,0.3986526396123892,0.20385610863409354,0.0005657750291962055,0.0014233647324319993,0.000580693929435925,0.0005657750291962055,0.000580693929435925,1.7583216085774488e-18
0.05,0.95,0.85,0.99,0.4306855195546838,0.43145377891524056,0.13786070153007568,0.0001227356048256469,0.00028497731930377397,0.0003841296802782795,0.0001227356048256469,0.0003841296802782795,1.957903557528817e-18
0.05,0.95,0.95,0.85,0.3240252980934256,0.3246485968124125,0.35132610509416184,0.0004611485304166997,0.0014231868101969543,0.0003116493594932598,0.0004611485304166997,0.0003116493594932598,2.8042409083040156e-18
0.05,0.95,0.95,0.95,0.40398288728810766,0.40437662663641694,0.19164048607547546,0.0001918184316562821,0.0004748182106027757,0.0001968696741544898,0.0001918184316562821,0.0001968696741544898,2.1499542427585925e-18
0.05,0.95,0.95,0.99,0.4383853689491513,0.4386461500554496,0.12296848099539903,4.1645504303244006e-05,9.499747768287062e-05,0.00013039055314898135,4.1645504303244006e-05,0.00013039055314898135,4.3391390747449125e-18
0.05,0.95,0.99,0.85,0.32562720009524676,0.3257525484698218,0.34862025143493147,9.278011987331538e-05,0.0002849274257377055,6.267418728739801e-05,9.278011987331538e-05,6.267418728739801e-05,2.3833561624232363e-18
0.05,0.95,0.99,0.95,0.40659777357202004,0.40667705434041335,0.18672517208756667,3.862383127724173e-05,9.499272693484228e-05,3.9640384196626295e-05,3.862383127724173e-05,3.9640384196626295e-05,7.397724405010923e-18
0.05,0.95,0.99,0.99,0.4414913111445472,0.44154384626618215,0.11696484258927065,8.388290352726039e-06,1.8999899071580272e-05,2.626756081738712e-05,8.388290352726039e-06,2.626756081738712e-05,8.84512694626951e-18
0.05,0.99,0.85,0.85,0.3468419958140612,0.34848829336856885,0.30466971081736993,0.0015388023286786528,0.004436609024426184,0.0008231487772538821,0.0015388023286786528,0.0008231487772538821,3.700723501409501e-18
0.05,0.99,0.85,0.95,0.43068551955468376,0.43145377891524045,0.1378607015300758,0.0006387023247983929,0.0014829900142888308,0.0003841296802782795,0.0006387023247983929,0.0003841296802782795,7.742579162569448e-18
0.05,0.99,0.85,0.99,0.46660717370244315,0.46688567583392826,0.06650715046362854,0.00013854894624886773,0.0002969284530057843,0.00013925106574242023,0.00013854894624886773,0.00013925106574242023,2.6723448689870143e-18
0.05,0.99,0.95,0.85,0.35164683456194046,0.35220386368867335,0.29614930174938614,0.0005214757157725964,0.0014829529645054764,0.0002785145633662272,0.0005214757157725964,0.0002785145633662272,1.0313911588022935e-18
0.05,0.99,0.95,0.95,0.4383853689491512,0.43864615005544916,0.1229684809953997,0.00021690279624913248,0.0004947765404878083,0.00013039055314898138,0.00021690279624913248,0.00013039055314898138,2.2736982523261168e-18
0.05,0.99,0.95,0.99,0.4757023003232814,0.47579695801715716,0.04850074165956142,4.709074565427394e-05,9.899204948614217e-05,4.732884693767916e-05,4.709074565427394e-05,4.732884693767916e-05,8.919199842928785e-18
0.05,0.99,0.99,0.85,0.35357763527812175,0.35368970606591427,0.292732658655964,0.00010498358587045277,0.0002969180609737191,5.6035393896152953e-05,0.00010498358587045277,5.6035393896152953e-05,7.30393473446227e-18
0.05,0.99,0.99,0.95,0.4414913111445473,0.4415438462661824,0.1169648425892702,4.370369268285514e-05,9.899105957386837e-05,2.6267560817387116e-05,4.370369268285514e-05,2.6267560817387116e-05,8.918328325352314e-18
0.05,0.99,0.99,0.99,0.47937628612551475,0.4793953650169498,0.04122834885753546,9.491498007287934e-06,1.979968196591765e-05,9.539445717434318e-06,9.491498007287934e-06,9.539445717434318e-06,1.4880280168468167e-18
0.1,0.9,0.85,0.85,0.2833320765433153,0.287306034198467,0.4293618892582176,0.002279352149486684,0.00804480797689781,0.0019869788275757683,0.002279352149486684,0.0019869788275757683,5.997276205220486e-19
0.1,0.9,0.85,0.95,0.3501128096373683,0.3531488823073979,0.2967383080552338,0.0009436238840691855,0.0026951995416750114,0.0015180363350146937,0.0009436238840691855,0.0015180363350146937,2.518172630413087e-18
0.1,0.9,0.85,0.99,0.37857613513197935,0.38104596415082015,0.24037790071720044,0.00020448131223219478,0.0005401326001727722,0.0012349145094202668,0.00020448131223219478,0.0012349145094202668,3.6266117062598226e-18
0.1,0.9,0.95,0.85,0.28951346477909873,0.2908717835581552,0.4196147516627461,0.0007799057386981033,0.0026938496255888415,0.000679159389528369,0.0007799057386981033,0.000679159389528369,5.0156500906973504e-18
0.1,0.9,0.95,0.95,0.36034120105708994,0.36138505521164316,0.2782737437312669,0.0003241146428795386,0.0008994659559570823,0.0005219270772766157,0.0003241146428795386,0.0005219270772766157,2.940450431481358e-18
0.1,0.9,0.95,0.99,0.39076127458397714,0.3916124382730675,0.2176262871429553,7.034275842546097e-05,0.0001800146611261599,0.00042558184454511734,7.034275842546097e-05,0.00042558184454511734,6.5891700081923894e-18
0.1,0.9,0.99,0.85,0.29199226648036286,0.2922666424895235,0.4157410910301136,0.00015760390535268743,0.0005397536970839146,0.00013718800458032676,0.00015760390535268743,0.00013718800458032676,1.7324419032665937e-18
0.1,0.9,0.99,0.95,0.3644752030360847,0.3646865526841863,0.270838244279729,6.559774685488237e-05,0.00017997862764998005,0.0001056748240508206,6.559774685488237e-05,0.0001056748240508206,3.387211713292299e-18
0.1,0.9,0.99,0.99,0.39570002747712263,0.39587252448532967,0.20842744803754765,1.4245432588079087e-05,3.600058528907402e-05,8.624850410342627e-05,1.4245432588079087e-05,8.624850410342627e-05,3.3327775027696682e-18
0.1,0.95,0.85,0.85,0.3140794059074021,0.3176913712029694,0.36822922288962845,0.002664959587340251,0.008484986717422482,0.0018059826477834497,0.002664959587340251,0.0018059826477834497,2.4161226276395984e-19
0.1,0.95,0.85,0.95,0.38787559462139204,0.3901396987616776,0.22198470661693037,0.0011029102682868527,0.0028434639445758655,0.001132052070142716,0.0011029102682868527,0.001132052070142716,3.460487330019565e-18
0.1,0.95,0.85,0.99,0.41930890079868743,0.42080383193791004,0.15988726726340252,0.0002389680832603744,0.0005699093980719105,0.000747465569611143,0.0002389680832603744,0.000747465569611143,3.621942231466099e-18
0.1,0.95,0.95,0.85,0.3220269824777729,0.3232649986878203,0.3547080188344067,0.0009154431923764144,0.0028427530678725053,0.0006190081050238013,0.0009154431923764144,0.0006190081050238013,2.691773842101774e-18
0.1,0.95,0.95,0.95,0.4007289362157313,0.4015097865981277,0.197761277186141,0.0003804011708755967,0.0009492730284663267,0.00039042519119818117,0.0003804011708755967,0.00039042519119818117,3.265590158613915e-18
0.1,0.95,0.95,0.99,0.4345238560184521,0.4350407087501484,0.13043543523139944,8.255515056239835e-05,0.00018998991521168088,0.00025842636584798317,8.255515056239835e-05,0.00025842636584798317,1.2018748581944519e-18
0.1,0.95,0.99,0.85,0.3252264547220293,0.3254768068006837,0.3492967384772869,0.00018528468209544225,0.0005697097496383093,0.0001251760393270987,0.00018528468209544225,0.0001251760393270987,2.0710891089104764e-18
0.1,0.95,0.99,0.95,0.40594307424525056,0.40610136889323817,0.18795555686151122,7.711737490955926e-05,0.00018997090922893487,7.91473239936006e-05,7.711737490955926e-05,7.91473239936006e-05,2.9204616771364363e-18
0.1,0.95,0.99,0.99,0.44071342914399586,0.4408183095794608,0.11846826127654331,1.674693240104703e-05,3.79995963217523e-05,5.2440217732291506e-05,1.674693240104703e-05,5.2440217732291506e-05,3.1596615496444063e-18
0.1,0.99,0.85,0.85,0.33969438894776866,0.342913398251267,0.3173922128009643,0.0030017534658614508,0.008836629522081979,0.0016095046517490862,0.0030017534658614508,0.0016095046517490862,1.8322474823127363e-18
0.1,0.99,0.85,0.95,0.41930890079868727,0.4208038319379095,0.1598872672634033,0.0012419791055849644,0.0029619669489945937,0.0007474655696111427,0.0012419791055849644,0.0007474655696111427,3.775454423435867e-18
0.1,0.99,0.85,0.99,0.45320310574019695,0.4537439880563472,0.09305290620345585,0.0002690729642670079,0.000593713857780261,0.0002704411580750398,0.0002690729642670079,0.0002704411580750398,3.999316343203108e-18
0.1,0.99,0.95,0.85,0.3492404515407351,0.3503462291054855,0.30041331935377946,0.0010343870225063272,0.0029618190502931395,0.0005528887823750888,0.0010343870225063272,0.0005528887823750888,2.800395051427399e-18
0.1,0.99,0.95,0.95,0.43452385601845234,0.4350407087501485,0.13043543523139922,0.00042979033456216155,0.0009891064175401919,0.0002584263658479832,0.00042979033456216155,0.0002584263658479832,7.405409606047764e-19
0.1,0.99,0.95,0.99,0.4711387362876902,0.47132622152209785,0.05753504219021188,9.327048740387871e-05,0.00019796819964072154,9.374261720362561e-05,9.327048740387871e-05,9.374261720362561e-05,3.269332810400581e-18
0.1,0.99,0.99,0.85,0.3530944612130593,0.3533182698895501,0.2935872688973906,0.00020962240144375998,0.0005936723015240745,0.00011190433824535556,0.00020962240144375998,0.00011190433824535556,1.898567492253469e-18
0.1,0.99,0.99,0.95,0.4407134291439958,0.4408183095794605,0.11846826127654375,8.724549920892144e-05,0.00019796424034180138,5.2440217732291506e-05,8.724549920892144e-05,5.2440217732291506e-05,1.6181688877600855e-18
0.1,0.99,0.99,0.99,0.4784558573358781,0.4784939412853126,0.04305020137880933,1.8946243295847727e-05,3.9598727877099396e-05,1.9041974717137487e-05,1.8946243295847727e-05,1.9041974717137487e-05,3.3998312833088228e-18
0.2,0.9,0.85,0.85,0.27410540441957953,0.2817541961445453,0.44414039943587524,0.004380257375711017,0.015980193404016418,0.0038243958624828746,0.004380257375711017,0.0038243958624828746,9.775158936343091e-19
0.2,0.9,0.85,0.95,0.33505735068729253,0.34084952729573353,0.32409312201697393,0.0018028878519423456,0.005380833604289352,0.002896088304220178,0.0018028878519423456,0.002896088304220178,2.3339433967937306e-18
0.2,0.9,0.85,0.99,0.36073046482112076,0.3654257762672029,0.27384375891167634,0.0003897816397913957,0.0010805342986062484,0.00234765572304085,0.0003897816397913957,0.00234765572304085,2.925261622839179e-18
0.2,0.9,0.95,0.85,0.28641990814074003,0.2891027944034747,0.42447729745578533,0.001539631428839667,0.005375434406197519,0.0013414431313670692,0.001539631428839667,0.0013414431313670692,1.1760376968949888e-18
0.2,0.9,0.95,0.95,0.3552079341673963,0.3572636678849695,0.2875283979476342,0.0006386159640010821,0.0017978651448143782,0.0010278668587864854,0.0006386159640010821,0.0010278668587864854,2.8325137424549533e-18
0.2,0.9,0.95,0.99,0.3846398460415497,0.38631413780622054,0.22904601615222975,0.00013849295715699883,0.0003600587889743448,0.0008371458823351478,0.00013849295715699883,0.0008371458823351478,1.003481877900063e-17
0.2,0.9,0.99,0.85,0.2913722442317798,0.29191963810803023,0.4167081176601899,0.00031439504440311706,0.0010790150765116226,0.00027369693812513273,0.00031439504440311706,0.00027369693812513273,2.752305856551962e-19
0.2,0.9,0.99,0.95,0.36343942375275934,0.36386083016366505,0.2726997460835756,0.00013080712618334278,0.00035991452119494964,0.00021070320545283616,0.00013080712618334278,0.00021070320545283616,1.0065311708306279e-17
0.2,0.9,0.99,0.99,0.3944618692782283,0.39480572758248883,0.21073240313928288,2.8402178540842714e-05,7.200234231210223e-05,0.00017192915213009365,2.8402178540842714e-05,0.00017192915213009365,1.7423846791771112e-18
0.2,0.95,0.85,0.85,0.3022982269853135,0.30922128746139477,0.38848048555329173,0.0050910629474517615,0.016841193539977657,0.0034615302380404662,0.0050910629474517615,0.0034615302380404662,1.993206684701006e-18
0.2,0.95,0.85,0.95,0.3690806814257313,0.3733800527243174,0.25753926584995135,0.0020941253259486817,0.00567389579389317,0.0021496856492929078,0.0020941253259486817,0.0021496856492929078,1.51770454890828e-18
0.2,0.95,0.85,0.99,0.3971723810453343,0.4000006169934073,0.20282700196125836,0.0004526329595454515,0.0011396385578326172,0.0014141179740362905,0.0004526329595454515,0.0014141179740362905,4.286750831869769e-18
0.2,0.95,0.95,0.85,0.31804399985210624,0.32048588544631135,0.3614701147015824,0.0018036462238077994,0.005671058798928807,0.0012209427971025654,0.0018036462238077994,0.0012209427971025654,1.722592839919292e-18
0.2,0.95,0.95,0.95,0.39426981366462355,0.39580522004136875,0.2099249662940077,0.0007479667405797291,0.0018970936010231046,0.000767703188372463,0.0007479667405797291,0.000767703188372463,2.5658146513188968e-18
0.2,0.95,0.95,0.99,0.4268702927954485,0.4278853380745791,0.1452443691299723,0.00016219350696903477,0.00037995969667244117,0.0005075226395652067,0.00016219350696903477,0.0005075226395652067,5.046209820901312e-19
0.2,0.95,0.99,0.85,0.3244255034910406,0.32492483038663494,0.3506496661223244,0.00036946853662941904,0.0011388393719164633,0.000249663447797188,0.00036946853662941904,0.000249663447797188,1.838632570343259e-18
0.2,0.95,0.99,0.95,0.4046356312620359,0.404951154760798,0.19041321397716615,0.00015371446005042885,0.0003798836488299413,0.000157761749380924,0.00015371446005042885,0.000157761749380924,1.4024522499481546e-18
0.2,0.95,0.99,0.99,0.43916045857873404,0.4393694616492297,0.12147007977203628,3.337548585980189e-05,7.599838557372814e-05,0.00010450153524775761,3.337548585980189e-05,0.00010450153524775761,1.3376151054398921e-18
0.2,0.99,0.85,0.85,0.3256158280978636,0.33176514645846156,0.34261902544367484,0.0057074125800156165,0.017528056339755873,0.0030746591802987945,0.0057074125800156165,0.0030746591802987945,2.3648232594074526e-18
0.2,0.99,0.85,0.95,0.397172381045334,0.4000006169934068,0.20282700196125925,0.002346463774297608,0.00590792282213042,0.0014141179740362899,0.002346463774297608,0.0014141179740362899,7.382329096838698e-18
0.2,0.99,0.85,0.99,0.4272403085671037,0.4282596455169252,0.1445000459159711,0.0005070726369293504,0.0011868557969869269,0.000509668474910783,0.0005070726369293504,0.000509668474910783,1.2743050836048424e-18
0.2,0.99,0.95,0.85,0.3444514871113497,0.346630128452621,0.30891838443602926,0.0020347898521911063,0.005907333625571855,0.0010893206706356511,0.0020347898521911063,0.0010893206706356511,2.198026822747815e-18
0.2,0.99,0.95,0.95,0.42687029279544847,0.4278853380745789,0.14524436912997263,0.0008436782767635761,0.0019764277135299675,0.0005075226395652067,0.0008436782767635761,0.0005075226395652067,2.8171231011219345e-18
0.2,0.99,0.95,0.99,0.4621074735764594,0.46247520135504433,0.07541732506849619,0.000182935785067862,0.0003958728121232036,0.0001838638892923601,0.000182935785067862,0.0001838638892923601,3.1806198146718804e-18
0.2,0.99,0.99,0.85,0.3521290606948867,0.35257534812296576,0.29529559118214754,0.00041786791775896875,0.001186689666948686,0.00022314371403954874,0.00041786791775896875,0.00022314371403954874,9.716810105239846e-19
0.2,0.99,0.99,0.95,0.43916045857873415,0.4393694616492297,0.12147007977203617,0.0001738447318720281,0.0003958569777312058,0.00010450153524775769,0.0001738447318720281,0.00010450153524775769,7.723614021145238e-18
0.2,0.99,0.99,0.99,0.4766188655497223,0.47669473874345847,0.046686395706819206,3.774578893220676e-05,7.919491161700355e-05,3.793659686790198e-05,3.774578893220676e-05,3.793659686790198e-05,1.7324005303843543e-18
