pair_probability,signal_efficiency,idler_efficiency,one_count_herald_probability,conditional_vacuum_probability,conditional_single_photon_probability,conditional_multiphoton_probability,conditional_hidden_fault_probability,two_pair_masked_fraction_of_valid_heralds,two_pair_hidden_fault_probability,decoder_visible_record_count,cutoff_tail_probability
0.01,0.85,0.85,0.008440301915065888,0.14961765787164835,0.84821500549603,0.0021673366323216284,0.15178499450396998,0.0029910067500000005,0.0022283000287500005,1.0,0.0
0.01,0.85,0.9,0.008927846765684602,0.14974507015178148,0.8488100023367411,0.0014449275114774341,0.1511899976632589,0.001996002,0.00148702149,1.0,0.0
0.01,0.85,0.95,0.009414412058455439,0.14987251753459732,0.849405000557712,0.0007224819076907786,0.1505949994422881,0.000999000250000001,0.0007442551862500008,1.0,0.0
0.01,0.85,0.99,0.009802960494069209,0.1499745007012768,0.8498810000214616,0.0001444992772615654,0.15011899997853836,0.00019996000200000018,0.00014897020149000012,1.0,0.0
0.01,0.9,0.85,0.008440301915065888,0.09973014179861138,0.8978405879671257,0.0024292702342628768,0.10215941203287425,0.0029910067500000005,0.0024526255350000004,1.0,0.0
0.01,0.9,0.9,0.008927846765684602,0.09982006301440223,0.8985602612124545,0.001619675773143289,0.10143973878754552,0.001996002,0.00163672164,1.0,0.0
0.01,0.9,0.95,0.009414412058455439,0.09991001575180015,0.8992800652765534,0.0008099189716464567,0.1007199347234466,0.000999000250000001,0.0008191802050000009,1.0,0.0
0.01,0.9,0.99,0.009802960494069209,0.09998200063001436,0.8998560026102121,0.0001619967597734165,0.10014399738978778,0.0001999600020000002,0.00016396720164000019,1.0,0.0
0.01,0.95,0.85,0.008440301915065888,0.04985759085817983,0.9474363310972209,0.0027060780445992347,0.05256366890277907,0.0029910067500000005,0.00270686110875,1.0,0.0
0.01,0.95,0.9,0.008927846765684602,0.04990504037927538,0.9482905915241677,0.0018043680965569482,0.05170940847583233,0.001996002,0.00180638181,1.0,0.0
0.01,0.95,0.95,0.009414412058455439,0.049952510094284454,0.9491451478623948,0.0009023420433207479,0.050854852137605204,0.0009990002500000013,0.000904095226250001,1.0,0.0
0.01,0.95,0.99,0.009802960494069209,0.04999050040375433,0.9498290059138991,0.0001804936823465734,0.0501709940861009,0.0001999600020000002,0.00018096380181000017,1.0,0.0
0.01,0.99,0.85,0.008440301915065888,0.00997032160740491,0.9870914514324435,0.0029382269601515385,0.012908548567556449,0.0029910067500000005,0.0029317848163500004,1.0,0.0
0.01,0.99,0.9,0.008927846765684602,0.00998020960319405,0.9880605117288346,0.001959278667971367,0.011939488271165418,0.0019960019999999998,0.0019564811604,1.0,0.0
0.01,0.99,0.95,0.009414412058455439,0.009990102400774265,0.9890300279274793,0.0009798696717464618,0.010969972072520727,0.000999000250000001,0.000979220045050001,1.0,0.0
0.01,0.99,0.99,0.009802960494069209,0.009998020096030203,0.9898059691169477,0.00019601078702197224,0.010194030883052175,0.0001999600020000002,0.00019600079396040019,1.0,0.0
0.03,0.85,0.85,0.02495912671814728,0.1488539224737712,0.8446450623552553,0.006501015170973601,0.15535493764474478,0.008919182250000001,0.006644790776249999,1.0,0.0
0.03,0.85,0.9,0.026347849969165265,0.14923563184844815,0.8464300248469341,0.004334343304617752,0.15356997515306592,0.005964054,0.00444322023,1.0,0.0
0.03,0.85,0.95,0.02772812197765853,0.14961765787164832,0.84821500549603,0.00216733663232163,0.15178499450396996,0.002991006750000002,0.0022283000287500014,1.0,0.0
0.03,0.85,0.99,0.028826293181542534,0.14992350631197301,0.8496430001969651,0.0004334934910618462,0.15035699980303485,0.0005996400540000007,0.00044673184023000045,1.0,0.0
0.03,0.9,0.85,0.02495912671814728,0.09919127706312318,0.8935253046272968,0.007283418309580013,0.1064746953727032,0.008919182250000003,0.007313729445000003,1.0,0.0
0.03,0.9,0.9,0.026347849969165265,0.0994605673889823,0.8956823547392128,0.00485707787180485,0.10431764526078716,0.005964054,0.00489052428,1.0,0.0
0.03,0.9,0.95,0.02772812197765853,0.09973014179861134,0.8978405879671257,0.0024292702342628776,0.10215941203287422,0.0029910067500000023,0.002452625535000002,1.0,0.0
0.03,0.9,0.99,0.028826293181542534,0.0999460056703888,0.8995680234957352,0.0004859708338760521,0.10043197650426486,0.0005996400540000007,0.0004917048442800005,1.0,0.0
0.03,0.95,0.85,0.02495912671814728,0.04957331798344338,0.9423169889423144,0.00810969307424223,0.05768301105768561,0.008919182250000003,0.008071859936250002,1.0,0.0
0.03,0.95,0.9,0.026347849969165265,0.049715363490451504,0.9448753264034859,0.00540931010606255,0.05512467359651405,0.005964054000000001,0.00539746887,1.0,0.0
0.03,0.95,0.95,0.02772812197765853,0.04985759085817981,0.947436331097221,0.0027060780445992355,0.05256366890277905,0.0029910067500000027,0.002706861108750002,1.0,0.0
0.03,0.95,0.99,0.028826293181542534,0.049971503633865474,0.9494870532277772,0.0005414431383573791,0.05051294677222285,0.0005996400540000008,0.0005426742488700006,1.0,0.0
0.03,0.99,0.85,0.02495912671814728,0.009911094478433101,0.9812866651907112,0.008802240330855735,0.018713334809288835,0.008919182250000001,0.008742582441450002,1.0,0.0
0.03,0.99,0.9,0.026347849969165265,0.009940686432239325,0.9841870062405831,0.005872307327177596,0.015812993759416923,0.005964054,0.0058459657308,1.0,0.0
0.03,0.99,0.95,0.02772812197765853,0.009970321607404908,0.9870914514324434,0.0029382269601516513,0.01290854856755656,0.0029910067500000027,0.0029317848163500026,1.0,0.0
0.03,0.99,0.99,0.028826293181542534,0.009994060864275248,0.9894179620532114,0.0005879770825133518,0.0105820379467886,0.0005996400540000007,0.0005877671809308006,1.0,0.0
0.05,0.85,0.85,0.040987507058607056,0.1480914558474079,0.8410752091099204,0.010833335042671715,0.15892479089007963,0.014775843750000003,0.011008003593750003,1.0,0.0
0.05,0.85,0.9,0.04318072775940002,0.1487267564759134,0.8440500796382603,0.007223163885826324,0.15594992036173974,0.009900249999999998,0.007375686249999998,1.0,0.0
0.05,0.85,0.95,0.04535147392290249,0.1493629386998617,0.8470250165918417,0.0036120447082965794,0.15297498340815827,0.004975031250000006,0.0037063982812500043,1.0,0.0
0.05,0.85,0.99,0.0470720602922772,0.14987251753459732,0.849405000557712,0.0007224819076907786,0.1505949994422881,0.000999000250000001,0.0007442551862500008,1.0,0.0
0.05,0.9,0.85,0.040987507058607056,0.0986535498321264,0.8892147710287761,0.012131679139097476,0.11078522897122388,0.014775843750000003,0.012116191875000003,1.0,0.0
0.05,0.9,0.9,0.04318072775940002,0.09910157680140717,0.8928065515840631,0.008091871614529789,0.10719344841593696,0.00990025,0.008118205,1.0,0.0
0.05,0.9,0.95,0.04535147392290249,0.09955039397508791,0.8964016345708778,0.004047971454034242,0.10359836542912215,0.004975031250000006,0.004079525625000005,1.0,0.0
0.05,0.9,0.99,0.0470720602922772,0.09991001575180015,0.8992800652765534,0.0008099189716464567,0.1007199347234466,0.0009990002500000013,0.000819180205000001,1.0,0.0
0.05,0.95,0.85,0.040987507058607056,0.04928977289829946,0.9372083278225225,0.013501899279177961,0.06279167217747741,0.014775843750000007,0.013372138593750004,1.0,0.0
0.05,0.95,0.9,0.04318072775940002,0.04952600990957921,0.941464803029832,0.00900918706058874,0.05853519697016796,0.00990025,0.00895972625,1.0,0.0
0.05,0.95,0.95,0.04535147392290249,0.04976275241055969,0.9457286984249111,0.0045085491645291435,0.05427130157508883,0.004975031250000006,0.004502403281250005,1.0,0.0
0.05,0.95,0.99,0.0470720602922772,0.049952510094284454,0.9491451478623948,0.0009023420433207479,0.050854852137605204,0.0009990002500000013,0.0009040952262500011,1.0,0.0
0.05,0.99,0.85,0.040987507058607056,0.009852040250619875,0.9754982985826213,0.014649661166758799,0.024501701417378674,0.014775843750000005,0.014483282043750004,1.0,0.0
0.05,0.99,0.9,0.04318072775940002,0.009901240099256836,0.9803207970047673,0.009777962895975895,0.01967920299523273,0.009900249999999998,0.009704225049999998,1.0,0.0
0.05,0.99,0.95,0.04535147392290249,0.009950560021781999,0.9851546986599373,0.0048947413182806885,0.014845301340062688,0.0049750312500000055,0.004876525631250006,1.0,0.0
0.05,0.99,0.99,0.0470720602922772,0.009990102400774265,0.9890300279274793,0.0009798696717464618,0.010969972072520727,0.000999000250000001,0.000979220045050001,1.0,0.0
0.1,0.85,0.85,0.07884768996882167,0.14619086881840945,0.832151197075174,0.02165793410641648,0.16784880292482593,0.029106750000000004,0.02168452875,1.0,0.0
0.1,0.85,0.9,0.08264462809917357,0.14745703933968052,0.8381004250635053,0.014442535596814047,0.16189957493649457,0.019601999999999998,0.014603489999999997,1.0,0.0
0.1,0.85,0.95,0.08636145551880003,0.14872675647591338,0.8440500796382603,0.007223163885826332,0.1559499203617397,0.009900250000000011,0.007375686250000008,1.0,0.0
0.1,0.85,0.99,0.08927846765684605,0.14974507015178148,0.848810002336741,0.0014449275114775464,0.15118999766325902,0.0019960020000000024,0.0014870214900000018,1.0,0.0
0.1,0.9,0.85,0.07884768996882167,0.09731422371413903,0.8784594446143139,0.02422633167154705,0.12154055538568609,0.029106750000000008,0.023867535000000006,1.0,0.0
0.1,0.9,0.9,0.08264462809917357,0.09820631442253061,0.8856263129455241,0.016167372631945308,0.11437368705447593,0.019601999999999998,0.01607364,1.0,0.0
0.1,0.9,0.95,0.08636145551880003,0.09910157680140719,0.892806551584063,0.008091871614529796,0.10719344841593698,0.009900250000000011,0.00811820500000001,1.0,0.0
0.1,0.9,0.99,0.08927846765684605,0.09982006301440223,0.8985602612124544,0.001619675773143402,0.10143973878754563,0.0019960020000000024,0.001636721640000002,1.0,0.0
0.1,0.95,0.85,0.07884768996882167,0.048584098819673974,0.924483563654726,0.026932337525600102,0.07551643634527408,0.029106750000000008,0.026341608750000006,1.0,0.0
0.1,0.95,0.9,0.08264462809917357,0.04905404177826786,0.9329592868273956,0.017986671394336507,0.06704071317260436,0.019601999999999998,0.017739809999999998,1.0,0.0
0.1,0.95,0.95,0.08636145551880003,0.04952600990957921,0.9414648030298322,0.009009187060588642,0.05853519697016785,0.009900250000000013,0.008959726250000011,1.0,0.0
0.1,0.95,0.99,0.08927846765684605,0.04990504037927538,0.9482905915241676,0.0018043680965570607,0.05170940847583244,0.0019960020000000024,0.001806381810000002,1.0,0.0
0.1,0.99,0.85,0.07884768996882167,0.009705161330032887,0.9610992582077373,0.02919558046222985,0.03890074179226274,0.029106750000000008,0.028530436350000004,1.0,0.0
0.1,0.99,0.9,0.08264462809917357,0.009802960494069217,0.9706872069424372,0.019509832563493583,0.0293127930575628,0.019602,0.0192138804,1.0,0.0
0.1,0.99,0.95,0.08636145551880003,0.009901240099256836,0.9803207970047673,0.009777962895975906,0.019679202995232743,0.009900250000000011,0.009704225050000011,1.0,0.0
0.1,0.99,0.99,0.08927846765684605,0.00998020960319405,0.9880605117288346,0.0019592786679713693,0.01193948827116542,0.0019960020000000024,0.0019564811604000022,1.0,0.0
0.2,0.85,0.85,0.14454245934743332,0.1424138406858992,0.8143077014809167,0.0432784578331841,0.1856922985190833,0.056454000000000004,0.04205823,1.0,1.1102230246251565e-15
0.2,0.85,0.9,0.14993752603082053,0.1449282652370351,0.826202557859139,0.028869176903825997,0.17379744214086107,0.03841599999999999,0.028619919999999993,1.0,0.0
0.2,0.85,0.95,0.15508621569227632,0.14745703933968057,0.8381004250635055,0.014442535596813959,0.16189957493649454,0.01960200000000002,0.014603490000000014,1.0,0.0
0.2,0.85,0.99,0.1590355058815025,0.14949028071430331,0.8476200101946582,0.0028897090910386157,0.15237998980534193,0.003984016000000003,0.002968091920000003,1.0,0.0
0.2,0.9,0.85,0.14454245934743332,0.0946570906299641,0.8570406791541484,0.04830223021588755,0.14295932084585164,0.05645400000000001,0.04629228000000001,1.0,2.1094237467877974e-15
0.2,0.9,0.9,0.14993752603082053,0.09642531556098165,0.8713061079448225,0.0322685764941958,0.12869389205517745,0.03841599999999999,0.031501119999999994,1.0,0.0
0.2,0.9,0.95,0.15508621569227632,0.09820631442253061,0.8856263129455241,0.01616737263194532,0.11437368705447593,0.01960200000000002,0.016073640000000017,1.0,0.0
0.2,0.9,0.99,0.1590355058815025,0.099640252115236,0.8971210457000715,0.003238702184692577,0.10287895429992858,0.003984016000000004,0.0032668931200000037,1.0,0.0
0.2,0.95,0.85,0.14454245934743332,0.04718645319005051,0.8992362789452935,0.05357726786465605,0.10076372105470657,0.05645400000000002,0.05109087000000001,1.0,3.4416913763379853e-15
0.2,0.95,0.9,0.14993752603082053,0.04811618425232042,0.9160377460409221,0.035846069706757466,0.08396225395907789,0.03841599999999999,0.03476647999999999,1.0,1.1102230246251565e-16
0.2,0.95,0.95,0.15508621569227632,0.04905404177826787,0.9329592868273958,0.017986671394336316,0.06704071317260418,0.019602000000000022,0.01773981000000002,1.0,0.0
0.2,0.95,0.99,0.1590355058815025,0.04981016153420527,0.9465823666934835,0.0036074717723112615,0.05341763330651653,0.003984016000000005,0.0036055344800000042,1.0,0.0
0.2,0.99,0.85,0.14454245934743332,0.00941464794144656,0.9326095441103026,0.05797580794825083,0.06739045588969739,0.05645400000000002,0.055336210800000014,1.0,5.662137425588298e-15
0.2,0.99,0.9,0.14993752603082053,0.009607842752787412,0.9515569792082997,0.03883517803891289,0.048443020791700306,0.03841599999999999,0.03765536319999999,1.0,1.1102230246251565e-16
0.2,0.99,0.95,0.15508621569227632,0.009802960494069216,0.9706872069424372,0.019509832563493607,0.029312793057562823,0.019602000000000022,0.019213880400000022,1.0,0.0
0.2,0.99,0.99,0.1590355058815025,0.009960438413552377,0.9861228470666844,0.003916714519763164,0.01387715293331554,0.003984016000000004,0.0039051324832000043,1.0,0.0
